{"accuracy": [0.8671280145645142, 0.9968858361244202, 0.9986159205436707, 0.9989619255065918, 0.9996539950370789, 0.9996539950370789, 1.0, 1.0, 0.9996539950370789, 0.9996539950370789, 0.9996539950370789, 0.9996539950370789, 0.9996539950370789, 1.0, 1.0, 1.0, 1.0], "val_accuracy": [0.6098039150238037, 0.6882352828979492, 0.9490196108818054, 0.9960784316062927, 1.0, 1.0, 1.0, 1.0, 1.0, 1.0, 1.0, 1.0, 1.0, 0.9215686321258545, 1.0, 1.0, 1.0], "loss": [0.49776506423950195, 0.049419522285461426, 0.018511032685637474, 0.01192476786673069, 0.006347411312162876, 0.00618315814062953, 0.003949935548007488, 0.0029410887509584427, 0.00304702902212739, 0.004072148818522692, 0.0028256711084395647, 0.0018191981362178922, 0.0015727109275758266, 0.0011364128440618515, 0.0010655764490365982, 0.000672267226036638, 0.000636957585811615], "val_loss": [1.1234396696090698, 0.8724677562713623, 0.3041008710861206, 0.09240729361772537, 0.006066679488867521, 0.000993837951682508, 0.00024202070198953152, 0.000588371476624161, 0.0008592596277594566, 0.0002970551431644708, 0.00020160696294624358, 0.0010827439837157726, 6.45360569251352e-06, 0.2497970163822174, 2.436879549350124e-05, 3.6786382224818226e-06, 3.150850034217001e-06]}